<?xml version="1.0" encoding="UTF-8"?>
<beans xmlns="http://www.springframework.org/schema/beans"
    xmlns:xsi="http://www.w3.org/2001/XMLSchema-instance" 
    xmlns:context="http://www.springframework.org/schema/context"
    xsi:schemaLocation="http://www.springframework.org/schema/beans
    http://www.springframework.org/schema/beans/spring-beans.xsd
    http://www.springframework.org/schema/context
    http://www.springframework.org/schema/context/spring-context.xsd">

	<context:property-placeholder location="classpath:sport.properties"/>
    <!-- Define your beans here -->
    
    <!-- define the dependency -->
   <bean id="myFortuneService"
    		class="com.amol.disidemo.HappyFortuneService">
    	</bean>
    
 <!--	<bean id="myCoach"
 		class="com.amol.dicidemo.TrackCoach">
 		<constructor-arg ref="myFortuneService"/>	 		
 	</bean>-->

    
   <!--<bean id="myCoach"
        class="com.amol.dicidemo.BaseballCoach"> 
        <constructor-arg ref="myFortuneService"/>        
    </bean>-->
    
    <bean id="myCoach"
        class="com.amol.disidemo.CricketCoach"> 
        <property name="fortuneService" ref="myFortuneService"/>
        <!--<property name="emailAddress" value="mack37@gmail.com"/> 
        <property name="team" value="Mumbai Indians"/>-->
        
        <property name="emailAddress" value="${foo.email}"/> 
        <property name="team" value="${foo.team}"/>
               
    </bean>
    

</beans>





